Workbook

Sheet DamageSim
A2: INPUTS | E2: Enter the character level, it will fetch the base values dependant on the character level
E3: and will calculate the damage done by the LMB ability
A4: Character Level | C4: From 1- 60 | E4: This sim uses INT/VIT/AGI from the base value, real calculation should use
A5: 60 | C5: <------------ | E5: IntellectCurr/VitalityCurr/AgilityCurr. (e.g.IntellectBase * IntellectMod)
A6: ^^^^^^^^ | B6: ^^^^^^^^
A7: =H30 -> 452 | B7: Ability Damage | H7: =LOOKUP($A$5,IntellectBase!A2:A61,IntellectBase!B2:B61) -> 125 | I7: Int
A8: =ROUND(A7*H34,2) -> 545.41 | B8: Ability DPS(assuming only LMB) | H8: =LOOKUP($A$5,IntellectBase!A2:A61,IntellectBase!C2:C61) -> 1747 | I8: ManaBase
A9: =ROUND(H21/A8,2)*100&"ms" -> 872ms | B9: Current time-to-kill(assuming mob level == character) | H9: 1 | I9: ManaMod
A10: =ROUND(H21/A8,2)*1&"s" -> 8.72s | B10: Current TTK in seconds | H10: =((H8+(H7*(A5*0.25)))*H9) -> 3622 | I10: ManaMax
A11: =ROUND((H21/A8)/60,2)*1&"m" -> 0.15m | B11: Current TTK in minutes | H11: =((H8+(H7*(A5*0.25)))*H9) -> 3622 | I11: ManaCurrent
A12: =ROUND(((H21/A8)/60)/60,2)&"h" -> 0h | B12: Current TTK in hours | H12: =H13*(1+H14)+(H10/100) -> 42.22 | I12: ManaRegen
H13: 3 | I13: ManaRegenBase
H14: 1 | I14: ManaRegenMod
H15: =H12*5 -> 211.1 | I15: ManaPer5
H17: =LOOKUP($A$5,VitalityBase!A2:A61,VitalityBase!B2:B61) -> 125 | I17: Vitality
H18: =LOOKUP($A$5,VitalityBase!A2:A61,VitalityBase!C2:C61) -> 2881 | I18: HealthBase
H19: 1 | I19: HealthMod
H20: =((H18+(H17*($A$5*0.25)))*H19) -> 4756 | I20: HealthMax
H21: =((H18+(H17*($A$5*0.25)))*H19) -> 4756 | I21: HealthCurrent
H22: =H23*(1+H24)+(H20/100) -> 53.56 | I22: HealthRegen
H23: 3 | I23: HealthRegenBase
H24: 1 | I24: HealthRegenMod
H25: =H22*5 -> 267.8 | I25: HealthPer5
H27: =LOOKUP($A$5,AgilityBase!A2:A61,AgilityBase!B2:B61) -> 31 | I27: Agility
H28: =LOOKUP($A$5,AgilityBase!A2:A61,AgilityBase!C2:C61) -> 437 | I28: AbilityDMGBase
A29: calc const | B29: lookup level | H29: =(((H7/5)*H37)/100)+((H27*H36)/10)+1 -> 1.0335 | I29: AbilityDMGMod
A30: =ROUND(B30+(B30*((ROUND(POWER($AB$81,B31)/100,2)))),0) -> #REF! | B30: =LOOKUP(B31,#REF!,#REF!) -> #REF! | H30: =ROUND(H28*H29,0) -> 452 | I30: AbilityDMGCurrent
A31: 1.065 | B31: 30 | H31: =LOOKUP(A5,AgilityBase!A2:A61,AgilityBase!D2:D61) -> 1 | I31: AttackSpeedBase
H32: =IF(H33>=2.5,TRUE,FALSE) -> FALSE | I32: AttackSpeedModIFTEST
H33: =((H27/15)*0.1)+1 -> 1.2066667 | I33: AttackSpeedMod
H34: =IF(H32=TRUE,2.5,H31*H33) -> 1.2066667 | I34: AttackSpeedCurrent
H36: 0.01 | I36: AbilityDMGMod gained per Agility
H37: 0.01 | I37: AbilityDMGMod gained per 5 Intellect

Sheet IntellectBase
A1: Level | B1: IntBase | C1: BaseMana
A2: 1 | B2: 0 | C2: 101
A3: 2 | B3: 2 | C3: 111
A4: 3 | B4: 4 | C4: 118
A5: 4 | B5: 6 | C5: 120
A6: 5 | B6: 8 | C6: 122
A7: 6 | B7: 10 | C7: 136
A8: 7 | B8: 12 | C8: 153
A9: 8 | B9: 14 | C9: 168
A10: 9 | B10: 16 | C10: 184
A11: 10 | B11: 18 | C11: 200
A12: 11 | B12: 20 | C12: 219
A13: 12 | B13: 22 | C13: 225
... A61: 60 | B61: 125 | C61: 1747

Sheet VitalityBase
A1: Level | B1: VitalityBase | C1: HealthBase
A2: 1 | B2: 0 | C2: 167
A3: 2 | B3: 2 | C3: 184
A4: 3 | B4: 4 | C4: 195
A5: 4 | B5: 6 | C5: 198
A6: 5 | B6: 8 | C6: 202
A7: 6 | B7: 10 | C7: 225
A8: 7 | B8: 12 | C8: 253
A9: 8 | B9: 14 | C9: 277
A10: 9 | B10: 16 | C10: 303
A11: 10 | B11: 18 | C11: 329
A12: 11 | B12: 20 | C12: 362
A13: 12 | B13: 22 | C13: 372
... A61: 60 | B61: 125 | C61: 2881

Sheet AgilityBase
A1: Level | B1: AgilityBase | C1: AbilityDamageBase | D1: AttackSpeedBase
A2: 1 | B2: 0 | C2: 25 | D2: 1
A3: 2 | B3: 1 | C3: 28 | D3: 1
A4: 3 | B4: 1 | C4: 30 | D4: 1
A5: 4 | B5: 2 | C5: 30 | D5: 1
A6: 5 | B6: 2 | C6: 31 | D6: 1
A7: 6 | B7: 3 | C7: 34 | D7: 1
A8: 7 | B8: 3 | C8: 38 | D8: 1
A9: 8 | B9: 4 | C9: 42 | D9: 1
A10: 9 | B10: 4 | C10: 46 | D10: 1
A11: 10 | B11: 5 | C11: 50 | D11: 1
A12: 11 | B12: 5 | C12: 55 | D12: 1
A13: 12 | B13: 6 | C13: 56 | D13: 1
... A61: 60 | B61: 31 | C61: 437 | D61: 1
